Id,JobName,StartedOn,LastModifiedOn,CompletedOn,JobRunState,AllocatedCapacity,ExecutionTime,Timeout,MaxCapacity,WorkerType,NumberOfWorkers,GlueVersion,ErrorMessage
jr_7ac6827f2e2e8f3b339ec837c8a612b2d092698c74ce617a2476e3a7bd89769c,demo-pyspark-job,2020-10-03 17:07:11.274000-04:00,2020-10-03 17:07:49.953000-04:00,2020-10-03 17:07:49.953000-04:00,STOPPED,17,31,2880,17.0,Standard,17,2.0,
jr_0ee9fe79e8db164caaa1bf0c73df092b7f0f5dad1af680339493b02c5de4a886,demo-pyspark-job,2020-10-03 17:07:11.256000-04:00,2020-10-03 17:08:00.110000-04:00,2020-10-03 17:08:00.110000-04:00,STOPPED,2,41,2880,2.0,Standard,2,2.0,
jr_8f6fadb2899a53fd39f09ac9d0250cdbef2526a0257578b09e16e62c447c67d6,demo-pyspark-job,2020-10-03 17:07:11.250000-04:00,2020-10-03 17:08:00.239000-04:00,2020-10-03 17:08:00.239000-04:00,STOPPED,39,41,2880,39.0,Standard,39,2.0,
jr_c4788fab29ab7833b5f07c5b669d6d23f9a8d9492a2b2a9b791c933f9a003a94,demo-pyspark-job,2020-10-03 17:07:11.248000-04:00,2020-10-03 17:07:49.936000-04:00,2020-10-03 17:07:49.936000-04:00,STOPPED,48,31,2880,48.0,Standard,48,2.0,
jr_1350a86385e9052ca4673c4b7fccbfde26902c21731b226de08c5308f84b692a,demo-pyspark-job,2020-10-03 17:04:12.721000-04:00,2020-10-03 17:04:51.388000-04:00,2020-10-03 17:04:51.388000-04:00,STOPPED,26,30,2880,26.0,Standard,26,2.0,
jr_0de83facb34c7aeb635feb7d85650bc1e69ec9b7b2a9dd991ddc7ab2ecd21bd0,demo-pyspark-job,2020-10-03 17:04:12.703000-04:00,2020-10-03 17:05:01.589000-04:00,2020-10-03 17:05:01.589000-04:00,STOPPED,3,40,2880,3.0,Standard,3,2.0,
jr_f134e7076e1baab358e6a50faa64cfe952f6719fc09cc770cb60544fd2943e17,demo-pyspark-job,2020-10-03 17:04:12.668000-04:00,2020-10-03 17:04:59.047000-04:00,2020-10-03 17:04:59.047000-04:00,STOPPED,9,40,2880,9.0,Standard,9,2.0,
jr_6978266ffee25361d61fc4c0031663404d03d706108513cd51bf0361bb215027,demo-pyspark-job,2020-10-03 17:04:11.241000-04:00,2020-10-03 17:04:48.837000-04:00,2020-10-03 17:04:48.837000-04:00,STOPPED,36,30,2880,36.0,Standard,36,2.0,
jr_7117b45cba18476b15667278f354d77c1962c2eea64a282759179b6b6bef31f7,demo-pyspark-job,2020-10-03 17:01:23.566000-04:00,2020-10-03 17:02:01.585000-04:00,2020-10-03 17:02:01.585000-04:00,STOPPED,13,30,2880,13.0,Standard,13,2.0,
jr_ce503a6c8882b3c2430412b88a36bbede93dc8cc0815818255a90def5f1ad3fa,demo-pyspark-job,2020-10-03 16:58:12.306000-04:00,2020-10-03 16:58:49.120000-04:00,2020-10-03 16:58:49.120000-04:00,STOPPED,2,30,2880,2.0,G.1X,2,2.0,
jr_256ed9aae60eea0a1913ea59bc1a75445cc172ff915b784931dc4e1bb525880c,demo-pyspark-job,2020-10-03 16:58:11.344000-04:00,2020-10-03 16:58:51.088000-04:00,2020-10-03 16:58:51.088000-04:00,STOPPED,2,31,2880,2.0,G.1X,2,2.0,
jr_b032be55611c05857a8b68ac33f2a9ffc35274a54aa39b8e7c43df70de606dc4,demo-pyspark-job,2020-10-03 16:58:11.331000-04:00,2020-10-03 16:58:50.033000-04:00,2020-10-03 16:58:50.033000-04:00,STOPPED,2,30,2880,2.0,G.1X,2,2.0,
jr_ef1f467859a4c3f0a24685179f4bc7f720771ebd9c84a1919aa5cc7beab946b6,demo-pyspark-job,2020-10-03 16:58:11.322000-04:00,2020-10-03 16:58:50.186000-04:00,2020-10-03 16:58:50.186000-04:00,STOPPED,2,31,2880,2.0,G.1X,2,2.0,
jr_1bcb896dcd78c1904bffc934e67ed1119ba37ab7e1d3607804fc401162e3914e,demo-pyspark-job,2020-10-03 16:58:11.313000-04:00,2020-10-03 16:58:49.183000-04:00,2020-10-03 16:58:49.183000-04:00,STOPPED,2,30,2880,2.0,G.1X,2,2.0,
jr_c1728161b59405193fa9610e4fa67b54a1223bbfaec0856fd3468e8a9a2ae2df,demo-pyspark-job,2020-10-03 16:55:11.413000-04:00,2020-10-03 16:55:49.244000-04:00,2020-10-03 16:55:49.244000-04:00,STOPPED,2,30,2880,2.0,G.1X,2,2.0,
jr_295c21bbd6165bb74c38f90781a34bcdb242e2573e029924d08bbdca3394ae3f,demo-pyspark-job,2020-10-03 16:52:11.440000-04:00,2020-10-03 16:52:49.658000-04:00,2020-10-03 16:52:49.658000-04:00,STOPPED,2,30,2880,2.0,G.1X,2,2.0,
jr_5913d2ae08691620b7abfcb8c3d328daa4fdf4e5ec9356718582a54a89d06f2e,demo-pyspark-job,2020-10-03 16:52:11.346000-04:00,2020-10-03 16:52:49.075000-04:00,2020-10-03 16:52:49.075000-04:00,STOPPED,2,30,2880,2.0,G.1X,2,2.0,
jr_5d1720d2f26ae0ced7fa1d73fb84731d5151d3700936c4ec9fe3043ae7b5becd,demo-pyspark-job,2020-10-03 16:52:11.315000-04:00,2020-10-03 16:52:49.036000-04:00,2020-10-03 16:52:49.036000-04:00,STOPPED,2,30,2880,2.0,G.1X,2,2.0,
jr_c567b8cf817894268c31e6b4a1a2fd64de2231e067f25f79a7e1cda22306120c,demo-pyspark-job,2020-10-03 16:52:11.307000-04:00,2020-10-03 16:52:49.601000-04:00,2020-10-03 16:52:49.601000-04:00,STOPPED,2,30,2880,2.0,G.1X,2,2.0,
jr_16212c46462ecdfacee04546d669258d33f5ec13c817ee50844b738ff924b773,demo-pyspark-job,2020-10-03 16:52:11.301000-04:00,2020-10-03 16:52:48.510000-04:00,2020-10-03 16:52:48.510000-04:00,STOPPED,2,30,2880,2.0,G.1X,2,2.0,
jr_683604c797f5b78233a21a80f0db6596316842d133afd3efb0dd75c2e2e50964,demo-pyspark-job,2020-10-03 16:52:10.969000-04:00,2020-10-03 16:52:49.571000-04:00,2020-10-03 16:52:49.571000-04:00,STOPPED,2,30,2880,2.0,G.1X,2,2.0,
jr_1e5df3ede856b4c0a0d99b111dcf69f08dbfc47dbbcc9841cf6a36764f7a26d2,demo-pyspark-job,2020-10-03 16:52:10.968000-04:00,2020-10-03 16:52:48.932000-04:00,2020-10-03 16:52:48.932000-04:00,STOPPED,2,30,2880,2.0,G.1X,2,2.0,
jr_48492a8d1a3f735843df5aad267807efbab8790a0435fc7dadfe5bf46e7436d4,demo-pyspark-job,2020-10-03 16:52:10.949000-04:00,2020-10-03 16:52:49.658000-04:00,2020-10-03 16:52:49.658000-04:00,STOPPED,2,30,2880,2.0,G.1X,2,2.0,
jr_7f55333dfbd468c196d852d49622e094e7440e8d30e20b46e533aed1c25be216,demo-pyspark-job,2020-10-03 16:52:10.938000-04:00,2020-10-03 16:52:48.649000-04:00,2020-10-03 16:52:48.649000-04:00,STOPPED,2,30,2880,2.0,G.1X,2,2.0,
jr_1099b972c4cb05c46e5f70c717db55218ded8619851e811906700437e0705331,demo-pyspark-job,2020-10-03 16:52:10.933000-04:00,2020-10-03 16:52:48.947000-04:00,2020-10-03 16:52:48.947000-04:00,STOPPED,2,30,2880,2.0,G.1X,2,2.0,
jr_7b58eda3e40655a9a7db6a8fbf3bbd8fe34e39f623509e7e6c8cfb1bad74a557,demo-pyspark-job,2020-10-03 16:49:11.606000-04:00,2020-10-03 16:49:48.987000-04:00,2020-10-03 16:49:48.987000-04:00,STOPPED,2,30,2880,2.0,G.1X,2,2.0,
jr_99a4944fe7c130d7b718e13a3b24cedb63897f8b678460282974ac5f6f9264fc,demo-pyspark-job,2020-10-03 16:49:11.268000-04:00,2020-10-03 16:49:51.372000-04:00,2020-10-03 16:49:51.372000-04:00,STOPPED,2,31,2880,2.0,G.1X,2,2.0,
jr_458b10727e3a1d61408efec622a35e2d80d5b1aafd4fd9b7836779b2f211a17c,demo-pyspark-job,2020-10-03 16:49:11.234000-04:00,2020-10-03 16:49:50.398000-04:00,2020-10-03 16:49:50.398000-04:00,STOPPED,2,30,2880,2.0,G.1X,2,2.0,
jr_f663ae33811e71bd09984e4372ae37e1424c771f3dbef07a38709c3a36080ea3,demo-pyspark-job,2020-10-03 16:49:11.217000-04:00,2020-10-03 16:49:49.194000-04:00,2020-10-03 16:49:49.194000-04:00,STOPPED,2,30,2880,2.0,G.1X,2,2.0,
jr_d5381f5d3c5c71494177bb1f7c54ba92457992777b24d263b7a64be1b0e7d42f,demo-pyspark-job,2020-10-03 16:49:11.212000-04:00,2020-10-03 16:49:49.249000-04:00,2020-10-03 16:49:49.249000-04:00,STOPPED,2,30,2880,2.0,G.1X,2,2.0,
jr_3584726f0735d00d74a120672421b82fb24b9209a5683f03386d9adce3846ce5,demo-pyspark-job,2020-10-03 16:49:11.209000-04:00,2020-10-03 16:49:49.263000-04:00,2020-10-03 16:49:49.263000-04:00,STOPPED,2,30,2880,2.0,G.1X,2,2.0,
jr_22ff4b44811635aaf6a8ded23f0e26ba6e1f5bb128abe1be9a13e5e25952fc25,demo-pyspark-job,2020-10-03 16:46:11.474000-04:00,2020-10-03 16:46:50.023000-04:00,2020-10-03 16:46:50.023000-04:00,STOPPED,2,30,2880,2.0,G.1X,2,2.0,
jr_298b73fbe096151bd9c3c8de1d8046cc51e67c6e782be8006599a0e1f9e6f309,demo-pyspark-job,2020-10-03 16:46:11.451000-04:00,2020-10-03 16:46:50.044000-04:00,2020-10-03 16:46:50.044000-04:00,STOPPED,2,30,2880,2.0,G.1X,2,2.0,
jr_00513c8cda56d262528e1a568a4b19ea12c4d8e62582d927996ee2029affd05a,demo-pyspark-job,2020-10-03 16:46:11.446000-04:00,2020-10-03 16:46:49.184000-04:00,2020-10-03 16:46:49.184000-04:00,STOPPED,2,30,2880,2.0,G.1X,2,2.0,
jr_880316e6656e389f615b2dc07ba1647b01d3683e9d09a7cb5b071a9813857b22,demo-pyspark-job,2020-10-03 16:46:11.440000-04:00,2020-10-03 16:46:49.061000-04:00,2020-10-03 16:46:49.061000-04:00,STOPPED,2,30,2880,2.0,G.1X,2,2.0,
jr_53100a1b868aa31b1f14c2c2b41b9190f922eddfa6b076415dab959c456cfe72,demo-pyspark-job,2020-10-03 16:46:11.437000-04:00,2020-10-03 16:46:50.046000-04:00,2020-10-03 16:46:50.046000-04:00,STOPPED,2,30,2880,2.0,G.1X,2,2.0,
jr_5bff50e8bd2a72075f82b608a0cd78c7885ebba03c5c2fbca11249b2faf3401b,demo-pyspark-job,2020-10-03 16:44:25.332000-04:00,2020-10-03 16:45:02.974000-04:00,2020-10-03 16:45:02.974000-04:00,STOPPED,2,30,2880,2.0,G.1X,2,2.0,
jr_a8c5f4dfa42e21a6996ec822ab8a9fcd7eee6ede0f5c1209d17e83df2d52ed0b,demo-pyspark-job,2020-10-03 16:44:25.331000-04:00,2020-10-03 16:45:03.042000-04:00,2020-10-03 16:45:03.042000-04:00,STOPPED,2,31,2880,2.0,G.1X,2,2.0,
jr_380d04de65729a4d54db438ae026f3975536ff005edbee659ef3735fd4a2c56b,demo-pyspark-job,2020-10-03 16:44:25.324000-04:00,2020-10-03 16:45:02.114000-04:00,2020-10-03 16:45:02.114000-04:00,STOPPED,2,30,2880,2.0,G.1X,2,2.0,
jr_cd006e9bd3706a6ebedab39190f6b0160c68b995e83b9c9eb0f554a1ff96976a,demo-pyspark-job,2020-10-03 16:44:24.862000-04:00,2020-10-03 16:45:02.496000-04:00,2020-10-03 16:45:02.496000-04:00,STOPPED,2,30,2880,2.0,G.1X,2,2.0,
jr_bd35de689b01123067fb93d9a233079b6f0add61a1b651a8f472c355acf77ab0,demo-pyspark-job,2020-10-03 16:44:24.851000-04:00,2020-10-03 16:45:02.523000-04:00,2020-10-03 16:45:02.523000-04:00,STOPPED,2,30,2880,2.0,G.1X,2,2.0,
jr_00d3c341a0ce1c424efe6e931b53f9317222a3828c3ff2179bc73c107bf91b07,demo-pyspark-job,2020-10-03 16:44:24.334000-04:00,2020-10-03 16:45:03.083000-04:00,2020-10-03 16:45:03.083000-04:00,STOPPED,2,30,2880,2.0,G.1X,2,2.0,
jr_fc26f3ca91950324f3d7b6a94b1e798a8ac99c4bcce29a9f8047ddeb74f80f10,demo-pyspark-job,2020-10-03 16:44:24.321000-04:00,2020-10-03 16:45:02.932000-04:00,2020-10-03 16:45:02.932000-04:00,STOPPED,2,30,2880,2.0,G.1X,2,2.0,
jr_23ad3c9b6e3495d9f8ae801b349c78416bd4778971fadad456ed389ea77b6752,demo-pyspark-job,2020-10-03 16:44:24.312000-04:00,2020-10-03 16:45:02.045000-04:00,2020-10-03 16:45:02.045000-04:00,STOPPED,2,30,2880,2.0,G.1X,2,2.0,
jr_234d8a9e7084687557486e4968eaa4c30a005ddea8ea726f7e3838dde14c98e7,demo-pyspark-job,2020-10-03 16:44:24.300000-04:00,2020-10-03 16:44:50.764000-04:00,2020-10-03 16:44:50.764000-04:00,STOPPED,2,22,2880,2.0,G.1X,2,2.0,
jr_044d5aebc83f0bc5982a87513d0cf63f52db334a6731e06497de1d3a988e163f,demo-pyspark-job,2020-10-03 16:44:24.288000-04:00,2020-10-03 16:45:04.631000-04:00,2020-10-03 16:45:04.631000-04:00,STOPPED,2,31,2880,2.0,G.1X,2,2.0,
jr_f1f5e197c28caaf98bd5d3bd5f3299215a46105a01218d85ff82bf0f3ce824c3,demo-pyspark-job,2020-10-03 16:43:13.254000-04:00,2020-10-03 16:43:35.792000-04:00,2020-10-03 16:43:35.792000-04:00,STOPPED,2,18,2880,2.0,G.1X,2,2.0,Py4JError: An error occurred while calling None.org.apache.spark.api.java.JavaSparkContext caused by Cannot create child task as the parent task is CANCELING (Service: AWSGlueJobExecutor; Status Code: 400; Error Code: InvalidInputException; Request ID: db5fa1bf-caba-4b6c-a2cf-95953c1c42f5; Proxy: null)
jr_a86c7f4681a6dbb27deb9d70adde18298fc9cfd436acc94a35c77b3860aa82fd,demo-pyspark-job,2020-10-03 16:43:12.958000-04:00,2020-10-03 16:43:35.624000-04:00,2020-10-03 16:43:35.624000-04:00,STOPPED,2,18,2880,2.0,G.1X,2,2.0,Py4JError: An error occurred while calling None.org.apache.spark.api.java.JavaSparkContext caused by Cannot create child task as the parent task is CANCELING (Service: AWSGlueJobExecutor; Status Code: 400; Error Code: InvalidInputException; Request ID: 949bca1b-23d1-47ad-bf46-7a3e4b9a3e1a; Proxy: null)
jr_bb35db2f86c2defc72e98541e09b10739b64905fd64a65fa17e5f215dff66195,demo-pyspark-job,2020-10-03 16:43:12.934000-04:00,2020-10-03 16:43:35.432000-04:00,2020-10-03 16:43:35.432000-04:00,STOPPED,2,18,2880,2.0,G.1X,2,2.0,Py4JError: An error occurred while calling None.org.apache.spark.api.java.JavaSparkContext caused by Cannot create child task as the parent task is CANCELING (Service: AWSGlueJobExecutor; Status Code: 400; Error Code: InvalidInputException; Request ID: 2c710e2b-d143-4739-93d6-b22b2fe01cbe; Proxy: null)
jr_a84f6c507edc24d69d8fcfaaf544879a510059f653610eef1392e643dffc7d89,demo-pyspark-job,2020-10-03 16:43:12.918000-04:00,2020-10-03 16:43:36.461000-04:00,2020-10-03 16:43:36.461000-04:00,STOPPED,2,18,2880,2.0,G.1X,2,2.0,Py4JError: An error occurred while calling None.org.apache.spark.api.java.JavaSparkContext caused by Cannot create child task as the parent task is CANCELING (Service: AWSGlueJobExecutor; Status Code: 400; Error Code: InvalidInputException; Request ID: c08be0c4-3b41-4c09-ac1c-9153cf095c04; Proxy: null)
jr_8e5fca1b2233dc674c6932ef66f2675715b4a6360db3f936c938c341b4710b1c,demo-pyspark-job,2020-10-03 16:43:12.917000-04:00,2020-10-03 16:43:36.010000-04:00,2020-10-03 16:43:36.010000-04:00,STOPPED,2,19,2880,2.0,G.1X,2,2.0,Py4JError: An error occurred while calling None.org.apache.spark.api.java.JavaSparkContext caused by Cannot create child task as the parent task is CANCELING (Service: AWSGlueJobExecutor; Status Code: 400; Error Code: InvalidInputException; Request ID: b9f37bf2-05b8-44e8-a329-8b490d615976; Proxy: null)
jr_2448061cfba18ee879b4902c8fc677f8a8db2f5813292674e29d9f062ef3efd5,demo-pyspark-job,2020-10-03 16:43:12.914000-04:00,2020-10-03 16:43:36.412000-04:00,2020-10-03 16:43:36.412000-04:00,STOPPED,2,18,2880,2.0,G.1X,2,2.0,Py4JError: An error occurred while calling None.org.apache.spark.api.java.JavaSparkContext caused by Cannot create child task as the parent task is CANCELING (Service: AWSGlueJobExecutor; Status Code: 400; Error Code: InvalidInputException; Request ID: 3fe3093f-7f70-4c3d-ae15-a213a7f3c78d; Proxy: null)
jr_331b6082e56e95ddb607f73a1fafbed20e996dc001037982b81adc8cebcee31a,demo-pyspark-job,2020-10-03 16:43:12.514000-04:00,2020-10-03 16:43:38.037000-04:00,2020-10-03 16:43:38.037000-04:00,STOPPED,2,18,2880,2.0,G.1X,2,2.0,Py4JError: An error occurred while calling None.org.apache.spark.api.java.JavaSparkContext caused by Cannot create child task as the parent task is CANCELING (Service: AWSGlueJobExecutor; Status Code: 400; Error Code: InvalidInputException; Request ID: 347ac78c-882c-426e-aa4b-ee1c9627313e; Proxy: null)
jr_a27b8029aa782edb4359c95980d310648dd838a8f7183a03705cffc7bbb97be8,demo-pyspark-job,2020-10-03 16:43:12.496000-04:00,2020-10-03 16:43:36.452000-04:00,2020-10-03 16:43:36.452000-04:00,STOPPED,2,19,2880,2.0,G.1X,2,2.0,Py4JError: An error occurred while calling None.org.apache.spark.api.java.JavaSparkContext caused by Cannot create child task as the parent task is CANCELING (Service: AWSGlueJobExecutor; Status Code: 400; Error Code: InvalidInputException; Request ID: 3e5a2501-8618-4c6f-adba-d3ea47f4ec3e; Proxy: null)
jr_fd2335fec403e3f390e7616c5faa2106e3eb1e919724a246e5ee01a447924619,demo-pyspark-job,2020-10-03 16:43:12.488000-04:00,2020-10-03 16:43:37.508000-04:00,2020-10-03 16:43:37.508000-04:00,STOPPED,2,19,2880,2.0,G.1X,2,2.0,Py4JError: An error occurred while calling None.org.apache.spark.api.java.JavaSparkContext caused by Cannot create child task as the parent task is CANCELING (Service: AWSGlueJobExecutor; Status Code: 400; Error Code: InvalidInputException; Request ID: 50a8082e-84cb-4f70-abd5-b3d6d95e18d8; Proxy: null)
jr_37e3e7321a87f02b35de0580b5bc1962a21858535690a2c18a97c2d9a697a454,demo-pyspark-job,2020-10-03 16:43:12.475000-04:00,2020-10-03 16:43:35.396000-04:00,2020-10-03 16:43:35.396000-04:00,STOPPED,2,19,2880,2.0,G.1X,2,2.0,Py4JError: An error occurred while calling None.org.apache.spark.api.java.JavaSparkContext caused by Cannot create child task as the parent task is CANCELING (Service: AWSGlueJobExecutor; Status Code: 400; Error Code: InvalidInputException; Request ID: e6af836a-2deb-4c59-a6ac-3fca27ae94a9; Proxy: null)
jr_680396c1e1e74c6d88558b2d5d52d0a9ce4f958b836a2d51045b69b42b94ed3c,demo-pyspark-job,2020-10-03 16:43:12.422000-04:00,2020-10-03 16:43:35.021000-04:00,2020-10-03 16:43:35.021000-04:00,STOPPED,2,18,2880,2.0,G.1X,2,2.0,Py4JError: An error occurred while calling None.org.apache.spark.api.java.JavaSparkContext caused by Cannot create child task as the parent task is CANCELING (Service: AWSGlueJobExecutor; Status Code: 400; Error Code: InvalidInputException; Request ID: 806d2cdd-536f-44f1-9894-7444278ba10b; Proxy: null)
jr_bf7dc5ab2fdd366cc61df59193f8e7ef74eff398383bf407705ffb3c3204bef4,demo-pyspark-job,2020-10-03 16:41:55.451000-04:00,2020-10-03 16:43:39.876000-04:00,2020-10-03 16:43:39.876000-04:00,STOPPED,2,98,2880,2.0,G.1X,2,2.0,
jr_ea2e0e3014049c339e0e275f525d352a032f7b81c653466821808b2ca749d3d0,demo-pyspark-job,2020-10-03 16:41:53.092000-04:00,2020-10-03 16:42:31.824000-04:00,2020-10-03 16:42:31.824000-04:00,STOPPED,2,31,2880,2.0,G.1X,2,2.0,
jr_9c7d413741e32b6b0879e54000af617127bd54cc7790dbf0351d8175f2fed27e,demo-pyspark-job,2020-10-03 16:41:53.060000-04:00,2020-10-03 16:42:30.836000-04:00,2020-10-03 16:42:30.836000-04:00,STOPPED,2,30,2880,2.0,G.1X,2,2.0,
jr_93aaec3befb729a542aa1e56e4fa7f39ac1df6e708fa9a40a7ed5b213733b80d,demo-pyspark-job,2020-10-03 16:41:52.753000-04:00,2020-10-03 16:42:32.976000-04:00,2020-10-03 16:42:32.976000-04:00,STOPPED,2,30,2880,2.0,G.1X,2,2.0,
jr_1a8cb30557466548bf8c0a4745eadc8088cf3d1579f856f36b3bd8c2e9e01971,demo-pyspark-job,2020-10-03 16:41:52.746000-04:00,2020-10-03 16:42:31.466000-04:00,2020-10-03 16:42:31.466000-04:00,STOPPED,2,31,2880,2.0,G.1X,2,2.0,
jr_1eac187a91607aac21621e538e98a345bf53b50735553124b3c4d69166d38ae5,demo-pyspark-job,2020-10-03 16:41:52.740000-04:00,2020-10-03 16:42:31.702000-04:00,2020-10-03 16:42:31.702000-04:00,STOPPED,2,31,2880,2.0,G.1X,2,2.0,
jr_977439fad55a57e9f937e0f8e62e418581b37569c20a3755aa5f75f6f0a3bb9b,demo-pyspark-job,2020-10-03 16:41:52.738000-04:00,2020-10-03 16:42:31.561000-04:00,2020-10-03 16:42:31.561000-04:00,STOPPED,2,31,2880,2.0,G.1X,2,2.0,
jr_29886b0f26edcf1db93423cda31324e73be5e9af80d11b1ee63b477205a92c79,demo-pyspark-job,2020-10-03 16:41:52.718000-04:00,2020-10-03 16:42:30.708000-04:00,2020-10-03 16:42:30.708000-04:00,STOPPED,2,30,2880,2.0,G.1X,2,2.0,
jr_705ea7b0060fdbd67db9c805dff9f2aaadfb7497a114e581ed8cdc4b43157d9c,demo-pyspark-job,2020-10-03 16:40:12.181000-04:00,2020-10-03 16:40:51.201000-04:00,2020-10-03 16:40:51.201000-04:00,STOPPED,2,31,2880,2.0,G.1X,2,2.0,
jr_60367661194686e5634cebdc54f5d578cb3b31f8427c5cadc1e2b0b9b664efff,demo-pyspark-job,2020-10-03 16:40:12.167000-04:00,2020-10-03 16:40:49.828000-04:00,2020-10-03 16:40:49.828000-04:00,STOPPED,2,30,2880,2.0,G.1X,2,2.0,
jr_5f2003bf90a397e14afc7f7245b70245dda33e3215db2d2a5f940a03e8cc648f,demo-pyspark-job,2020-10-03 16:40:12.033000-04:00,2020-10-03 16:40:49.022000-04:00,2020-10-03 16:40:49.022000-04:00,STOPPED,2,30,2880,2.0,G.1X,2,2.0,
jr_dd9dadac0b8547a67b2189f07839aba12d78b3b9b43d3e7c1fd306b6b7f92a69,demo-pyspark-job,2020-10-03 16:40:11.838000-04:00,2020-10-03 16:40:50.467000-04:00,2020-10-03 16:40:50.467000-04:00,STOPPED,2,30,2880,2.0,G.1X,2,2.0,
jr_6c69ba80f185bb16019dc9e18468aaaf443df9a67b2ffa72ad37d1e1a29be2e6,demo-pyspark-job,2020-10-03 16:40:11.837000-04:00,2020-10-03 16:40:49.509000-04:00,2020-10-03 16:40:49.509000-04:00,STOPPED,2,30,2880,2.0,G.1X,2,2.0,
jr_d2d548986da49060ddf7b7f34d404eb6d67f863cebbf15caa36ff002dc8258bb,demo-pyspark-job,2020-10-03 16:40:11.775000-04:00,2020-10-03 16:40:49.670000-04:00,2020-10-03 16:40:49.670000-04:00,STOPPED,2,30,2880,2.0,G.1X,2,2.0,
jr_8939262a55ba3e22e31ad5b9ba72d56972fcc77fc7bfd2a54748df6f634a7a23,demo-pyspark-job,2020-10-03 16:40:11.674000-04:00,2020-10-03 16:40:49.827000-04:00,2020-10-03 16:40:49.827000-04:00,STOPPED,2,30,2880,2.0,G.1X,2,2.0,
jr_7e9688befc2594aad1e7391492918a2cba5200cf8aeb6a9874fae8c9ae737304,demo-pyspark-job,2020-10-03 16:40:11.662000-04:00,2020-10-03 16:40:49.601000-04:00,2020-10-03 16:40:49.601000-04:00,STOPPED,2,30,2880,2.0,G.1X,2,2.0,
jr_08000fd7086804b25a63bf418fbea43038d1a27bd7056233fdc9f4247bda2687,demo-pyspark-job,2020-10-03 16:40:11.450000-04:00,2020-10-03 16:40:52.705000-04:00,2020-10-03 16:40:52.705000-04:00,STOPPED,2,31,2880,2.0,G.1X,2,2.0,
jr_a3d0cac37ab00de830a2b2a70dc54a00a423e8b0e74d80df1d19ae8fd2d97e48,demo-pyspark-job,2020-10-03 16:40:11.430000-04:00,2020-10-03 16:40:49.528000-04:00,2020-10-03 16:40:49.528000-04:00,STOPPED,2,30,2880,2.0,G.1X,2,2.0,
jr_8bdd11ebd5498f9eb340ab4ed0409e052e3ced2e3811f5beaeb746f109f0540d,demo-pyspark-job,2020-10-03 16:40:11.421000-04:00,2020-10-03 16:40:50.177000-04:00,2020-10-03 16:40:50.177000-04:00,STOPPED,2,30,2880,2.0,G.1X,2,2.0,
jr_514d5c13c83eb7a52f0c2060da6e30800a77b47bebb4b5811ef913e1ae8022e3,demo-pyspark-job,2020-10-03 16:37:12.002000-04:00,2020-10-03 16:37:49.197000-04:00,2020-10-03 16:37:49.197000-04:00,STOPPED,2,30,2880,2.0,G.1X,2,2.0,
jr_aac4a9d4a733d7cd043d7804f77824d85b15c401c7bdce8c077b0fda1782800d,demo-pyspark-job,2020-10-03 16:37:11.800000-04:00,2020-10-03 16:37:49.064000-04:00,2020-10-03 16:37:49.064000-04:00,STOPPED,2,30,2880,2.0,G.1X,2,2.0,
jr_40634455179aa41db8d4b11348511683d436b0eab52e6d0da70706535ca5cb5f,demo-pyspark-job,2020-10-03 16:37:11.519000-04:00,2020-10-03 16:37:49.079000-04:00,2020-10-03 16:37:49.079000-04:00,STOPPED,2,30,2880,2.0,G.1X,2,2.0,
jr_176ee09f780eed9b375b333f5b51a380d37a4dc74f42a020642a2a25370ff9c9,demo-pyspark-job,2020-10-03 16:37:11.295000-04:00,2020-10-03 16:37:50.353000-04:00,2020-10-03 16:37:50.353000-04:00,STOPPED,2,30,2880,2.0,G.1X,2,2.0,
jr_5acfa52df60ff7ea0a0b2f236b23b6bf608b54e0658845a6249eb22567e08c2f,demo-pyspark-job,2020-10-03 16:37:11.290000-04:00,2020-10-03 16:37:49.273000-04:00,2020-10-03 16:37:49.273000-04:00,STOPPED,2,30,2880,2.0,G.1X,2,2.0,
jr_9d899c82aa00aa8f3f8f572aed3c0835c9f74e4f0b093283bac6b1a62bb78fbe,demo-pyspark-job,2020-10-03 16:37:11.278000-04:00,2020-10-03 16:37:52.656000-04:00,2020-10-03 16:37:52.656000-04:00,STOPPED,2,30,2880,2.0,G.1X,2,2.0,
jr_6730a7c7aadb413462696a213d2b031fc2c0a310db253d91393560a18e82a25f,demo-pyspark-job,2020-10-03 16:37:11.231000-04:00,2020-10-03 16:37:49.209000-04:00,2020-10-03 16:37:49.209000-04:00,STOPPED,2,30,2880,2.0,G.1X,2,2.0,
jr_c198b75a51d7104141560931fb6fa33ded1b9a8f5dd595ef316d93cd35e4d5ea,demo-pyspark-job,2020-10-03 16:34:11.894000-04:00,2020-10-03 16:34:49.097000-04:00,2020-10-03 16:34:49.097000-04:00,STOPPED,2,30,2880,2.0,G.1X,2,2.0,
jr_700854f3b6f1b3e0631cde11a98e928ca368185c4dd7a9db90959c048c789c83,demo-pyspark-job,2020-10-03 16:34:11.734000-04:00,2020-10-03 16:34:49.415000-04:00,2020-10-03 16:34:49.415000-04:00,STOPPED,2,30,2880,2.0,G.1X,2,2.0,
jr_707959173dfaa33cb5755f5f280c72083911692d9b5c173cac437e0854108760,demo-pyspark-job,2020-10-03 16:34:11.660000-04:00,2020-10-03 16:34:50.621000-04:00,2020-10-03 16:34:50.621000-04:00,STOPPED,2,31,2880,2.0,G.1X,2,2.0,
jr_499d56c67ad500ba05466d05d0ac81fc114a3657e44c418018019b0bdcc864bd,demo-pyspark-job,2020-10-03 16:34:11.652000-04:00,2020-10-03 16:34:49.076000-04:00,2020-10-03 16:34:49.076000-04:00,STOPPED,2,30,2880,2.0,G.1X,2,2.0,
jr_f94c64bc3a1450429b74fffabcf7e771c2357c3ea615c2f243616375f70c577c,demo-pyspark-job,2020-10-03 16:34:11.279000-04:00,2020-10-03 16:34:50.816000-04:00,2020-10-03 16:34:50.816000-04:00,STOPPED,2,31,2880,2.0,G.1X,2,2.0,
jr_e9d445d993c3cc4368972a980b092abb8350616ecb2c059a1d3badbff8fcefcb,demo-pyspark-job,2020-10-03 16:34:11.254000-04:00,2020-10-03 16:34:49.730000-04:00,2020-10-03 16:34:49.730000-04:00,STOPPED,2,30,2880,2.0,G.1X,2,2.0,
jr_418974ae391d6edea9d0370bd487708dac8143e6a58b7f2f2ec6d72ef75f1ff9,demo-pyspark-job,2020-10-03 16:34:11.254000-04:00,2020-10-03 16:34:49.464000-04:00,2020-10-03 16:34:49.464000-04:00,STOPPED,2,30,2880,2.0,G.1X,2,2.0,
jr_9fdc2d4a3d05c6f6384d1257fbec5e3e7debb77efce8fc670e947a656c9e2927,demo-pyspark-job,2020-10-03 16:34:11.246000-04:00,2020-10-03 16:34:49.482000-04:00,2020-10-03 16:34:49.482000-04:00,STOPPED,2,30,2880,2.0,G.1X,2,2.0,
jr_b4e7292783d98e4a6f28126b11ddb9da07c7476b4b601921411e31646ca904a6,demo-pyspark-job,2020-10-03 16:34:11.233000-04:00,2020-10-03 16:34:49.616000-04:00,2020-10-03 16:34:49.616000-04:00,STOPPED,2,30,2880,2.0,G.1X,2,2.0,
jr_fff1efe493ab7e1e79200ddde8cfb7aa9cf923d4f3dd57f663424548593e5642,demo-pyspark-job,2020-10-03 16:31:12.015000-04:00,2020-10-03 16:31:49.229000-04:00,2020-10-03 16:31:49.229000-04:00,STOPPED,2,30,2880,2.0,G.1X,2,2.0,
jr_264fb03a5ac7f480d9116ce256d150c195b3c175f3910c0416d19ff6d32ddc02,demo-pyspark-job,2020-10-03 16:31:11.939000-04:00,2020-10-03 16:31:49.676000-04:00,2020-10-03 16:31:49.676000-04:00,STOPPED,2,30,2880,2.0,G.1X,2,2.0,
jr_035c313487b9cf5da0875988cafd1b1f7b7bdb2141f5445b2567ac2f54a044d9,demo-pyspark-job,2020-10-03 16:31:11.901000-04:00,2020-10-03 16:31:49.673000-04:00,2020-10-03 16:31:49.673000-04:00,STOPPED,2,30,2880,2.0,G.1X,2,2.0,
jr_243e6c8f97dd1ab432785bc0e15610dea9e054e497a1f73cecccfaba50ea68b6,demo-pyspark-job,2020-10-03 16:31:11.603000-04:00,2020-10-03 16:31:49.764000-04:00,2020-10-03 16:31:49.764000-04:00,STOPPED,2,30,2880,2.0,G.1X,2,2.0,
jr_d6413523105c1b3b6b8bad4230dec73095388a31cff6f6ca342404736a0d06ea,demo-pyspark-job,2020-10-03 16:31:11.599000-04:00,2020-10-03 16:31:50.291000-04:00,2020-10-03 16:31:50.291000-04:00,STOPPED,2,30,2880,2.0,G.1X,2,2.0,
jr_1957c12e88b03adb8b173e96e31b6e19633521b45780257f1cb1c62d92d17a3e,demo-pyspark-job,2020-10-03 16:31:11.579000-04:00,2020-10-03 16:31:50.219000-04:00,2020-10-03 16:31:50.219000-04:00,STOPPED,2,30,2880,2.0,G.1X,2,2.0,
jr_0a6d78fcf546b4bc3ad2b0d73de75c476c2829c4716e79091e7781af32849713,demo-pyspark-job,2020-10-03 16:31:11.564000-04:00,2020-10-03 16:31:49.376000-04:00,2020-10-03 16:31:49.376000-04:00,STOPPED,2,30,2880,2.0,G.1X,2,2.0,
jr_08103f4689eaafcc0feb603364570ded384136484f60f66eb0c2f5c031e7d167,demo-pyspark-job,2020-10-03 16:31:11.554000-04:00,2020-10-03 16:31:49.802000-04:00,2020-10-03 16:31:49.802000-04:00,STOPPED,2,30,2880,2.0,G.1X,2,2.0,
jr_691ce21d3985fc4a976ca9860b69e609f232d5527e9207b8da7acfff84b74959,demo-pyspark-job,2020-10-03 16:28:12.319000-04:00,2020-10-03 16:28:50.127000-04:00,2020-10-03 16:28:50.127000-04:00,STOPPED,2,31,2880,2.0,G.1X,2,2.0,
jr_aa3ad4acdf7cbe3b4773e96fc70fe694acd2c9c4a91356c4dbadbb746cec189e,demo-pyspark-job,2020-10-03 16:28:12.311000-04:00,2020-10-03 16:28:51.595000-04:00,2020-10-03 16:28:51.595000-04:00,STOPPED,2,30,2880,2.0,G.1X,2,2.0,
jr_586a74ff653a85ba6efef1a94217bc42a4ea4ffba706804eba278e7d52eddcfb,demo-pyspark-job,2020-10-03 16:28:12.282000-04:00,2020-10-03 16:28:50.979000-04:00,2020-10-03 16:28:50.979000-04:00,STOPPED,2,31,2880,2.0,G.1X,2,2.0,
jr_5d40c76f9dff012a0a8952966a5fb97553ae6ad59149f95a6773a1cd65e89d5f,demo-pyspark-job,2020-10-03 16:28:11.927000-04:00,2020-10-03 16:28:49.829000-04:00,2020-10-03 16:28:49.829000-04:00,STOPPED,2,30,2880,2.0,G.1X,2,2.0,
jr_33b1bda512e7bba234757e3b2f5028c3268c33480f157a829fe83dc132fa601f,demo-pyspark-job,2020-10-03 16:28:11.901000-04:00,2020-10-03 16:28:49.438000-04:00,2020-10-03 16:28:49.438000-04:00,STOPPED,2,30,2880,2.0,G.1X,2,2.0,
jr_48a89b7fb724fdb173c5cd6c23753567f46e69e35e8722327e7dab8c9dd6fb75,demo-pyspark-job,2020-10-03 16:28:11.871000-04:00,2020-10-03 16:28:49.437000-04:00,2020-10-03 16:28:49.437000-04:00,STOPPED,2,30,2880,2.0,G.1X,2,2.0,
jr_d5ebf2202ca70d9e73950011ac73058fca798e6f046b2e9ecbf10c5f691e99cd,demo-pyspark-job,2020-10-03 16:28:11.866000-04:00,2020-10-03 16:28:49.955000-04:00,2020-10-03 16:28:49.955000-04:00,STOPPED,2,30,2880,2.0,G.1X,2,2.0,
jr_b83b0e5dab8b673f17ecce5911c9bb62150b6430a3fe8902a4db3d8dde5da134,demo-pyspark-job,2020-10-03 16:28:11.857000-04:00,2020-10-03 16:28:49.436000-04:00,2020-10-03 16:28:49.436000-04:00,STOPPED,2,30,2880,2.0,G.1X,2,2.0,
jr_e608d150752137698e99f8648740aa1dc191b3ca098df61a0a2b0493a0fc90da,demo-pyspark-job,2020-10-03 16:28:11.468000-04:00,2020-10-03 16:28:51.233000-04:00,2020-10-03 16:28:51.233000-04:00,STOPPED,2,30,2880,2.0,G.1X,2,2.0,
jr_aab3c9176bec5e37dedc92cef1e2d294d2cb0c10f6479aba12cb005539a9ee25,demo-pyspark-job,2020-10-03 16:28:11.458000-04:00,2020-10-03 16:28:52.243000-04:00,2020-10-03 16:28:52.243000-04:00,STOPPED,2,30,2880,2.0,G.1X,2,2.0,
jr_c215c44b9341f386a25ddea6c7728d25dad27849a8b41bfa305a271fa5091f52,demo-pyspark-job,2020-10-03 16:28:11.436000-04:00,2020-10-03 16:28:53.181000-04:00,2020-10-03 16:28:53.181000-04:00,STOPPED,2,30,2880,2.0,G.1X,2,2.0,
jr_083690c8a0e0a7f56342a7a7c6af2f19852c76be45efd7bf49d7672311022bff,demo-pyspark-job,2020-10-03 16:28:11.435000-04:00,2020-10-03 16:28:49.942000-04:00,2020-10-03 16:28:49.942000-04:00,STOPPED,2,30,2880,2.0,G.1X,2,2.0,
jr_f0357e52de270c8b11e8b293f4f53229ccd428c90cef0f30cd446a0be3fe3ea7,demo-pyspark-job,2020-10-03 16:28:11.430000-04:00,2020-10-03 16:28:49.134000-04:00,2020-10-03 16:28:49.134000-04:00,STOPPED,2,30,2880,2.0,G.1X,2,2.0,
jr_774969780943e879779bfb9c4327e8f37a1295bf1a975628d1e2d8c2b8d3b541,demo-pyspark-job,2020-10-03 16:25:12.260000-04:00,2020-10-03 16:25:49.024000-04:00,2020-10-03 16:25:49.024000-04:00,STOPPED,2,30,2880,2.0,G.1X,2,2.0,
jr_7c0e5b8e45031f010d18dbd366c804a938030af75e0133a0d950b1fa273281ce,demo-pyspark-job,2020-10-03 16:25:11.737000-04:00,2020-10-03 16:25:49.233000-04:00,2020-10-03 16:25:49.233000-04:00,STOPPED,2,30,2880,2.0,G.1X,2,2.0,
jr_74e0ded12aa2001d257c19e660ed501311348219baa92fb5fea8a1180e2117fb,demo-pyspark-job,2020-10-03 16:25:11.708000-04:00,2020-10-03 16:25:48.884000-04:00,2020-10-03 16:25:48.884000-04:00,STOPPED,2,30,2880,2.0,G.1X,2,2.0,
jr_bcffd599b87dc328d836939947887b967f3fdeeb8e303e6cb2d5a4fc2cfafe1b,demo-pyspark-job,2020-10-03 16:25:11.695000-04:00,2020-10-03 16:25:49.611000-04:00,2020-10-03 16:25:49.611000-04:00,STOPPED,2,30,2880,2.0,G.1X,2,2.0,
jr_3c2880ba6f1af77260395d76f89aa9ffada4a3f0366714ff403f5adb06be5266,demo-pyspark-job,2020-10-03 16:25:11.691000-04:00,2020-10-03 16:25:49.596000-04:00,2020-10-03 16:25:49.596000-04:00,STOPPED,2,30,2880,2.0,G.1X,2,2.0,
jr_7022817648521dc1826224e8a77ad2a54b0497e388c0f4c32443d06f63e68637,demo-pyspark-job,2020-10-03 16:25:11.684000-04:00,2020-10-03 16:25:49.157000-04:00,2020-10-03 16:25:49.157000-04:00,STOPPED,2,30,2880,2.0,G.1X,2,2.0,
jr_1071f0c8f5c4a76d6ad3ec82bd7ff549f660a74595ed71f86665134dbc696d55,demo-pyspark-job,2020-10-03 16:25:11.313000-04:00,2020-10-03 16:25:49.001000-04:00,2020-10-03 16:25:49.001000-04:00,STOPPED,2,30,2880,2.0,G.1X,2,2.0,
jr_d74641a48e517bdb21ee1793f0e0267394001c6111b94eea325fcef0f31faa89,demo-pyspark-job,2020-10-03 16:25:11.310000-04:00,2020-10-03 16:25:49.211000-04:00,2020-10-03 16:25:49.211000-04:00,STOPPED,2,30,2880,2.0,G.1X,2,2.0,
jr_4e91a8ae2aa9b30fd4df6efe0e9ad4435c6f52f16562611a993f7182d96c3e8a,demo-pyspark-job,2020-10-03 16:25:11.293000-04:00,2020-10-03 16:25:49.650000-04:00,2020-10-03 16:25:49.650000-04:00,STOPPED,2,30,2880,2.0,G.1X,2,2.0,
jr_d9b2dbff3551ec1a78a58e88c9332fd85e6376bf8692ef065493015a8f5f0dbd,demo-pyspark-job,2020-10-03 16:25:11.285000-04:00,2020-10-03 16:25:49.707000-04:00,2020-10-03 16:25:49.707000-04:00,STOPPED,2,30,2880,2.0,G.1X,2,2.0,
jr_5e2b6ef12bdb373a23360bdabf6ab6422d6a893cee769666c2836848f1e8b09f,demo-pyspark-job,2020-10-03 16:25:11.283000-04:00,2020-10-03 16:25:50.768000-04:00,2020-10-03 16:25:50.768000-04:00,STOPPED,2,31,2880,2.0,G.1X,2,2.0,
jr_b4d06d1665189e477fe623e8f17ceaa44b91363dc68e2b7425b8decd9734bebc,demo-pyspark-job,2020-10-03 16:22:12.562000-04:00,2020-10-03 16:22:51.861000-04:00,2020-10-03 16:22:51.861000-04:00,STOPPED,2,31,2880,2.0,G.1X,2,2.0,
jr_d164104e88c4d367aee7b2620484190453c8e29d8f794de1f12cfd47170b0474,demo-pyspark-job,2020-10-03 16:22:12.528000-04:00,2020-10-03 16:22:49.994000-04:00,2020-10-03 16:22:49.994000-04:00,STOPPED,2,30,2880,2.0,G.1X,2,2.0,
jr_bb03f87374453bbe50c46334e794972062ef268988495da9f92a0888e55ff2f4,demo-pyspark-job,2020-10-03 16:22:12.475000-04:00,2020-10-03 16:22:49.702000-04:00,2020-10-03 16:22:49.702000-04:00,STOPPED,2,30,2880,2.0,G.1X,2,2.0,
jr_6f020fbdec80dd45281eab35a8e901a7ed6c8ed5d3c082ff3a3a925337b85cc2,demo-pyspark-job,2020-10-03 16:22:12.457000-04:00,2020-10-03 16:22:50.145000-04:00,2020-10-03 16:22:50.145000-04:00,STOPPED,2,30,2880,2.0,G.1X,2,2.0,
jr_66621af3dfbb1753fe9ffb8ee4d1df3caf52518b1e6f95f834d03e631993d5ff,demo-pyspark-job,2020-10-03 16:22:12.119000-04:00,2020-10-03 16:22:51.190000-04:00,2020-10-03 16:22:51.190000-04:00,STOPPED,2,30,2880,2.0,G.1X,2,2.0,
jr_2b856e7739f8a968789f56b271d10a4de87893a72446a33c7c21637ccac926da,demo-pyspark-job,2020-10-03 16:22:12.109000-04:00,2020-10-03 16:22:52.144000-04:00,2020-10-03 16:22:52.144000-04:00,STOPPED,2,30,2880,2.0,G.1X,2,2.0,
jr_4f19ca12580050f967d5e3a8fea43158a6a8a99db512ab87544233ac29022651,demo-pyspark-job,2020-10-03 16:22:12.096000-04:00,2020-10-03 16:22:48.899000-04:00,2020-10-03 16:22:48.899000-04:00,STOPPED,2,30,2880,2.0,G.1X,2,2.0,
jr_e628b88513ae2766c9d9b9eb57e085b323c4977d634afe05e68faf41fbb8ebfc,demo-pyspark-job,2020-10-03 16:22:12.059000-04:00,2020-10-03 16:22:50.133000-04:00,2020-10-03 16:22:50.133000-04:00,STOPPED,2,30,2880,2.0,G.1X,2,2.0,
jr_986080a6ec193455aac37131ec8b98f68f169d5a8d1179d831190619aafd960a,demo-pyspark-job,2020-10-03 16:22:12.052000-04:00,2020-10-03 16:22:49.142000-04:00,2020-10-03 16:22:49.142000-04:00,STOPPED,2,30,2880,2.0,G.1X,2,2.0,
jr_d8a536adade1dacef747d715f8f3c1d9a8128c5dfcc42d5e11e5fec5c58cdae9,demo-pyspark-job,2020-10-03 16:22:11.363000-04:00,2020-10-03 16:22:51.628000-04:00,2020-10-03 16:22:51.628000-04:00,STOPPED,2,31,2880,2.0,G.1X,2,2.0,
jr_fbcbe2010c86e6050b4cc83bd8f6efd0f2a4aac632f7d1d0733e7830ad9eb3ad,demo-pyspark-job,2020-10-03 16:22:11.355000-04:00,2020-10-03 16:22:50.009000-04:00,2020-10-03 16:22:50.009000-04:00,STOPPED,2,30,2880,2.0,G.1X,2,2.0,
jr_3328e40966f64f4db155f3adf1785fc1bbc35cd26cf24519d02beef32b6ac278,demo-pyspark-job,2020-10-03 16:22:11.355000-04:00,2020-10-03 16:22:49.649000-04:00,2020-10-03 16:22:49.649000-04:00,STOPPED,2,30,2880,2.0,G.1X,2,2.0,
jr_271d541e53dbdaff47c8cc715a1bd130f4cf04e0d9e1f758a82611d070e50cd6,demo-pyspark-job,2020-10-03 16:22:11.331000-04:00,2020-10-03 16:22:49.706000-04:00,2020-10-03 16:22:49.706000-04:00,STOPPED,2,30,2880,2.0,G.1X,2,2.0,
jr_6fde0a916692e607c3586985d17a90852f6044e0ed1fbf7ba272645714be2041,demo-pyspark-job,2020-10-03 16:22:11.325000-04:00,2020-10-03 16:22:49.863000-04:00,2020-10-03 16:22:49.863000-04:00,STOPPED,2,30,2880,2.0,G.1X,2,2.0,
jr_86ad8321ebe912f8b8f08c12aec4953f5df4748b69df123dfc5c5c29e9857267,demo-pyspark-job,2020-10-03 16:19:13.222000-04:00,2020-10-03 16:19:50.618000-04:00,2020-10-03 16:19:50.618000-04:00,STOPPED,2,30,2880,2.0,G.1X,2,2.0,
jr_070646253a59b16db20a65bc7644cfefd99e6b9d8524e53bfea8f59e80cf01c6,demo-pyspark-job,2020-10-03 16:19:13.198000-04:00,2020-10-03 16:19:50.523000-04:00,2020-10-03 16:19:50.523000-04:00,STOPPED,2,30,2880,2.0,G.1X,2,2.0,
jr_4af25ecbb29dd046ab223ea288ccb6f8cfb41434bccd49fd3874b4c6329d93f5,demo-pyspark-job,2020-10-03 16:19:12.951000-04:00,2020-10-03 16:19:50.678000-04:00,2020-10-03 16:19:50.678000-04:00,STOPPED,2,30,2880,2.0,G.1X,2,2.0,
jr_e63d8b2cfb2ce3e86218f3b33c12ceacb20ea0360fdb5b9ffa97781237a2dfb3,demo-pyspark-job,2020-10-03 16:19:12.917000-04:00,2020-10-03 16:19:50.295000-04:00,2020-10-03 16:19:50.295000-04:00,STOPPED,2,30,2880,2.0,G.1X,2,2.0,
jr_0f61c135db7a20d3224d142fe50efbbf6fe3b5d9531e79c3e87488fdde0fba34,demo-pyspark-job,2020-10-03 16:19:12.852000-04:00,2020-10-03 16:19:51.235000-04:00,2020-10-03 16:19:51.235000-04:00,STOPPED,2,31,2880,2.0,G.1X,2,2.0,
jr_2a4ee19476d055b5a3814d00a58e822860b1ce62459ad663a986f180d7dc1c08,demo-pyspark-job,2020-10-03 16:19:12.767000-04:00,2020-10-03 16:19:50.703000-04:00,2020-10-03 16:19:50.703000-04:00,STOPPED,2,30,2880,2.0,G.1X,2,2.0,
jr_145d4062d5d44f909739335ddb491670329f6fa488b0437223fcefcbd4dadc0d,demo-pyspark-job,2020-10-03 16:19:12.656000-04:00,2020-10-03 16:19:50.458000-04:00,2020-10-03 16:19:50.458000-04:00,STOPPED,2,30,2880,2.0,G.1X,2,2.0,
jr_cf4e6ff2fe6bf2cc4a3d3d81f5b0719abb90581af12d2e6a36de11f0a539eb78,demo-pyspark-job,2020-10-03 16:19:12.437000-04:00,2020-10-03 16:19:50.969000-04:00,2020-10-03 16:19:50.969000-04:00,STOPPED,2,30,2880,2.0,G.1X,2,2.0,
jr_989e5c8481298aa0eed1203f0b06fe9b063f0df99e6b796d0615c3cadbf552af,demo-pyspark-job,2020-10-03 16:19:12.433000-04:00,2020-10-03 16:19:50.928000-04:00,2020-10-03 16:19:50.928000-04:00,STOPPED,2,30,2880,2.0,G.1X,2,2.0,
jr_88721187eda606117744f1400f7a5bf0f0ae963fb2223ff67f05d44646a6cf81,demo-pyspark-job,2020-10-03 16:19:12.432000-04:00,2020-10-03 16:19:52.166000-04:00,2020-10-03 16:19:52.166000-04:00,STOPPED,2,30,2880,2.0,G.1X,2,2.0,
jr_12868f74746333d3712d5e09d187fd6de5a74b258965a5b4d53cc8c461bb8263,demo-pyspark-job,2020-10-03 16:19:12.364000-04:00,2020-10-03 16:19:51.608000-04:00,2020-10-03 16:19:51.608000-04:00,STOPPED,2,30,2880,2.0,G.1X,2,2.0,
jr_34661da8a9d97a18016ee80427ae9c7abd23f04e2631416e7576fe50b0c7de89,demo-pyspark-job,2020-10-03 16:19:12.294000-04:00,2020-10-03 16:19:50.487000-04:00,2020-10-03 16:19:50.487000-04:00,STOPPED,2,30,2880,2.0,G.1X,2,2.0,
jr_99e9c88279b5bded3dcaa022463819e9565ca4e6ab372b727d680fce44ed458a,demo-pyspark-job,2020-10-03 16:16:12.298000-04:00,2020-10-03 16:16:50.967000-04:00,2020-10-03 16:16:50.967000-04:00,STOPPED,2,30,2880,2.0,G.1X,2,2.0,
jr_fd3489c0464dac377bd7fa877a98ae7fbc1e79061e4850814b4636bfe3cd0777,demo-pyspark-job,2020-10-03 16:16:12.270000-04:00,2020-10-03 16:16:49.853000-04:00,2020-10-03 16:16:49.853000-04:00,STOPPED,2,30,2880,2.0,G.1X,2,2.0,
jr_ce48a53ce3652576314a407949076d93852b7133310f6b4276a391f7978e60b7,demo-pyspark-job,2020-10-03 16:16:12.255000-04:00,2020-10-03 16:16:49.528000-04:00,2020-10-03 16:16:49.528000-04:00,STOPPED,2,30,2880,2.0,G.1X,2,2.0,
jr_eab22f3a314521b229fc2d0deb4c4a9af9552848b7d2605339e01d47420ea2c1,demo-pyspark-job,2020-10-03 16:16:12.243000-04:00,2020-10-03 16:16:49.316000-04:00,2020-10-03 16:16:49.316000-04:00,STOPPED,2,30,2880,2.0,G.1X,2,2.0,
jr_6b6e074023d23c6d4f38dfc910f4f8c9336bd1aabd04b0a45759887e2484d113,demo-pyspark-job,2020-10-03 16:16:11.940000-04:00,2020-10-03 16:16:49.566000-04:00,2020-10-03 16:16:49.566000-04:00,STOPPED,2,30,2880,2.0,G.1X,2,2.0,
jr_f8316591b0c73e04b6505d6dac2f0188202e4205f66d4240e81ed52e6a0f86e4,demo-pyspark-job,2020-10-03 16:16:11.924000-04:00,2020-10-03 16:16:50.882000-04:00,2020-10-03 16:16:50.882000-04:00,STOPPED,2,30,2880,2.0,G.1X,2,2.0,
jr_6e63979ee7338307f0eca429acd5cf58e3eec0cd92c6324a1382c6fdc4c4babd,demo-pyspark-job,2020-10-03 16:16:11.914000-04:00,2020-10-03 16:16:49.522000-04:00,2020-10-03 16:16:49.522000-04:00,STOPPED,2,30,2880,2.0,G.1X,2,2.0,
jr_ecff1206c6ae692c01a8fd4030b2d0a2a3de949ff36f750a8bfeae03fd9f31ce,demo-pyspark-job,2020-10-03 16:16:11.894000-04:00,2020-10-03 16:16:49.416000-04:00,2020-10-03 16:16:49.416000-04:00,STOPPED,2,30,2880,2.0,G.1X,2,2.0,
jr_d81911422a07eafaea88503e1d3f884dc912778db3e9babb14fc6ab4200a909b,demo-pyspark-job,2020-10-03 16:16:11.831000-04:00,2020-10-03 16:16:49.263000-04:00,2020-10-03 16:16:49.263000-04:00,STOPPED,2,30,2880,2.0,G.1X,2,2.0,
jr_5384bbfca898445774604876169a9314b50ced8bbd9ac73ad4f80d2d84db7b23,demo-pyspark-job,2020-10-03 16:16:11.473000-04:00,2020-10-03 16:16:50.964000-04:00,2020-10-03 16:16:50.964000-04:00,STOPPED,2,31,2880,2.0,G.1X,2,2.0,
jr_42576ad4f77f1fe1a89d4bc60b7b829e9f95140a7423cb760a8738c36be8eb90,demo-pyspark-job,2020-10-03 16:16:11.468000-04:00,2020-10-03 16:16:49.856000-04:00,2020-10-03 16:16:49.856000-04:00,STOPPED,2,30,2880,2.0,G.1X,2,2.0,
jr_ef2b1db984a58137c2dae2024a094737c3a3686b8f4c0519ac76ab843dfefc36,demo-pyspark-job,2020-10-03 16:16:11.464000-04:00,2020-10-03 16:16:49.908000-04:00,2020-10-03 16:16:49.908000-04:00,STOPPED,2,30,2880,2.0,G.1X,2,2.0,
jr_4f9fc1890444d9edf733e4995fa1f5ca43593c2ecf09b1126d2cad6bbcb8bca7,demo-pyspark-job,2020-10-03 16:16:11.462000-04:00,2020-10-03 16:16:49.839000-04:00,2020-10-03 16:16:49.839000-04:00,STOPPED,2,30,2880,2.0,G.1X,2,2.0,
jr_36a568e917fcc32b4764b813247e810cca030de1bae0420eec3ea0f6fb59f8b9,demo-pyspark-job,2020-10-03 16:16:11.461000-04:00,2020-10-03 16:16:52.020000-04:00,2020-10-03 16:16:52.020000-04:00,STOPPED,2,31,2880,2.0,G.1X,2,2.0,
jr_3a716458a0df22d4210152b0dbc220efa782e387afd3fc1e694c31f2290fb5e2,demo-pyspark-job,2020-10-03 16:13:13.812000-04:00,2020-10-03 16:13:51.562000-04:00,2020-10-03 16:13:51.562000-04:00,STOPPED,2,30,2880,2.0,G.1X,2,2.0,
jr_806375a7c6176cdd1c0cdbc7de285f8892682fc76aec144b4cb5fb049ff681ac,demo-pyspark-job,2020-10-03 16:13:13.771000-04:00,2020-10-03 16:13:52.080000-04:00,2020-10-03 16:13:52.080000-04:00,STOPPED,2,31,2880,2.0,G.1X,2,2.0,
jr_3998d28ba595424ea59f4b4f829ca802cb2fe4c5014c5bbd07b10775534f3646,demo-pyspark-job,2020-10-03 16:13:13.743000-04:00,2020-10-03 16:13:52.050000-04:00,2020-10-03 16:13:52.050000-04:00,STOPPED,2,30,2880,2.0,G.1X,2,2.0,
jr_ba64dd9d12900f75236ed4e4ab64edd81de0a27c5c61906743e7ecd6aa745244,demo-pyspark-job,2020-10-03 16:13:13.396000-04:00,2020-10-03 16:13:52.689000-04:00,2020-10-03 16:13:52.689000-04:00,STOPPED,2,31,2880,2.0,G.1X,2,2.0,
jr_e33a06165ee82f536a90b85e6af65282b2bd8060b80dc2a33863717d583e413f,demo-pyspark-job,2020-10-03 16:13:13.385000-04:00,2020-10-03 16:13:51.053000-04:00,2020-10-03 16:13:51.053000-04:00,STOPPED,2,30,2880,2.0,G.1X,2,2.0,
jr_5a484c62dc878502e9f55c49f70ba0589f3e6bbdeeb57aa37fcce2cac105f744,demo-pyspark-job,2020-10-03 16:13:13.384000-04:00,2020-10-03 16:13:51.138000-04:00,2020-10-03 16:13:51.138000-04:00,STOPPED,2,30,2880,2.0,G.1X,2,2.0,
jr_b0b6fa9adf279238772fec4953c42a264eaaa1172b52d18f885a76843d7257aa,demo-pyspark-job,2020-10-03 16:13:13.381000-04:00,2020-10-03 16:13:51.220000-04:00,2020-10-03 16:13:51.220000-04:00,STOPPED,2,30,2880,2.0,G.1X,2,2.0,
jr_eaf2100a90d93cfbed835bb1cf9c93745eb15f4fca9d962fe0eb278505cc79be,demo-pyspark-job,2020-10-03 16:13:13.379000-04:00,2020-10-03 16:13:52.750000-04:00,2020-10-03 16:13:52.750000-04:00,STOPPED,2,31,2880,2.0,G.1X,2,2.0,
jr_4c2d59aa0456e957b9f124abc9b299a8240a730d8b0d29aa5f67ea10ea4bc5d2,demo-pyspark-job,2020-10-03 16:13:12.497000-04:00,2020-10-03 16:13:53.646000-04:00,2020-10-03 16:13:53.646000-04:00,STOPPED,2,31,2880,2.0,G.1X,2,2.0,
jr_6492aff12f63ee5de643b8e33ee501b2975219bb81169b1d0ed1f4e825df1a5c,demo-pyspark-job,2020-10-03 16:13:12.496000-04:00,2020-10-03 16:13:51.102000-04:00,2020-10-03 16:13:51.102000-04:00,STOPPED,2,30,2880,2.0,G.1X,2,2.0,
jr_8cf701ca6d5bbf1367c9f4b351c9227f90990d1c30b7d2422729457a9df61d9a,demo-pyspark-job,2020-10-03 16:13:12.492000-04:00,2020-10-03 16:13:53.335000-04:00,2020-10-03 16:13:53.335000-04:00,STOPPED,2,31,2880,2.0,G.1X,2,2.0,
jr_6e3ebb196ef646318727edb97effd20df45ee9f797e04a34c3e4a608602ddd4b,demo-pyspark-job,2020-10-03 16:13:12.480000-04:00,2020-10-03 16:13:53.053000-04:00,2020-10-03 16:13:53.053000-04:00,STOPPED,2,30,2880,2.0,G.1X,2,2.0,
jr_d1360ff4754d8d96e285edb96729b81f5a1ab9f5b69c7237d015ffb1f6b6783b,demo-pyspark-job,2020-10-03 16:13:12.468000-04:00,2020-10-03 16:13:50.029000-04:00,2020-10-03 16:13:50.029000-04:00,STOPPED,2,30,2880,2.0,G.1X,2,2.0,
jr_88e1cdc2aabb13c00d3284bf9fea8cabefdba257a7729f007644f1a5ea12d6ee,demo-pyspark-job,2020-10-03 16:06:16.894000-04:00,2020-10-03 16:06:54.382000-04:00,2020-10-03 16:06:54.382000-04:00,STOPPED,2,30,2880,2.0,G.1X,2,2.0,
jr_cb8e2864ae1cfcc9a905e2fdb07feb6f02b558c8511c9e51faf733833bc9f410,demo-pyspark-job,2020-10-03 16:06:16.689000-04:00,2020-10-03 16:06:53.750000-04:00,2020-10-03 16:06:53.750000-04:00,STOPPED,2,30,2880,2.0,G.1X,2,2.0,
jr_74e4d9fe56fa87e1d42451ba33f302553d68e5657727e727f49cfa8f7ad91274,demo-pyspark-job,2020-10-03 16:06:16.660000-04:00,2020-10-03 16:06:54.588000-04:00,2020-10-03 16:06:54.588000-04:00,STOPPED,2,30,2880,2.0,G.1X,2,2.0,
jr_535767687a62e5169ce5e2e4eb1e3f2520c3fe8cb74da07d7d6077403090c3a2,demo-pyspark-job,2020-10-03 16:06:16.537000-04:00,2020-10-03 16:06:54.423000-04:00,2020-10-03 16:06:54.423000-04:00,STOPPED,2,30,2880,2.0,G.1X,2,2.0,
jr_030d4cee430d18386e86e2982f15a9469af23f7095ee234c7c06d1ddf9b79ad8,demo-pyspark-job,2020-10-03 16:06:16.447000-04:00,2020-10-03 16:06:54.197000-04:00,2020-10-03 16:06:54.197000-04:00,STOPPED,2,30,2880,2.0,G.1X,2,2.0,
jr_1bf0b5c9bbf5e1cb1e515af1a28cc69b2605cdab62bbe8aa0b7bd8b4de3feafe,demo-pyspark-job,2020-10-03 16:06:16.430000-04:00,2020-10-03 16:06:54.363000-04:00,2020-10-03 16:06:54.363000-04:00,STOPPED,2,30,2880,2.0,G.1X,2,2.0,
jr_e683cb29e4754d1c9c4010a14c9990459a3a1f0dafe37316d36b49789f3035d7,demo-pyspark-job,2020-10-03 16:06:16.322000-04:00,2020-10-03 16:06:54.088000-04:00,2020-10-03 16:06:54.088000-04:00,STOPPED,2,30,2880,2.0,G.1X,2,2.0,
jr_73b7d1e30aa2b319c992e6634c8c825cf22e058b921c83d8e4e8bd1703c935d7,demo-pyspark-job,2020-10-03 16:06:16.252000-04:00,2020-10-03 16:06:53.820000-04:00,2020-10-03 16:06:53.820000-04:00,STOPPED,2,30,2880,2.0,G.1X,2,2.0,
jr_4831659008e71dc743823df56d2b860366dd3218f26c7d0b16e3070ddc1e4b63,demo-pyspark-job,2020-10-03 16:06:15.871000-04:00,2020-10-03 16:06:54.372000-04:00,2020-10-03 16:06:54.372000-04:00,STOPPED,2,30,2880,2.0,G.1X,2,2.0,
jr_a4ebcb38bd58a99784b5f35fe296b5375fe4feb2af22eba183b1649b8f94e2af,demo-pyspark-job,2020-10-03 16:06:15.858000-04:00,2020-10-03 16:06:53.817000-04:00,2020-10-03 16:06:53.817000-04:00,STOPPED,2,30,2880,2.0,G.1X,2,2.0,
jr_a1d93049d1307c2702b307c43b1083e79ea38d088b61940061254661c62460b9,demo-pyspark-job,2020-10-03 15:57:14.042000-04:00,2020-10-03 15:58:31.964000-04:00,2020-10-03 15:58:31.964000-04:00,STOPPED,2,70,2880,2.0,G.1X,2,2.0,
jr_75587717b704cd42d8c2eab54ed9aa7f5f6b0adc85b79a7b1d60467da3f2daf1,demo-pyspark-job,2020-10-03 15:57:13.995000-04:00,2020-10-03 15:58:32.815000-04:00,2020-10-03 15:58:32.815000-04:00,STOPPED,2,71,2880,2.0,G.1X,2,2.0,
jr_8c9c622e7c2429d05e3fe5b6c559e6f91c94c0746d1ea579b2207421e397a924,demo-pyspark-job,2020-10-03 15:57:13.966000-04:00,2020-10-03 15:58:32.895000-04:00,2020-10-03 15:58:32.895000-04:00,STOPPED,2,71,2880,2.0,G.1X,2,2.0,
jr_0affb87b902b767aa44516ad1bb1a98321a84bb91a54f335fa52b1febd1899c0,demo-pyspark-job,2020-10-03 15:57:13.964000-04:00,2020-10-03 15:58:32.616000-04:00,2020-10-03 15:58:32.616000-04:00,STOPPED,2,71,2880,2.0,G.1X,2,2.0,
jr_e8bbdb843e4437df298584340041e4a8de384c9d43e1043fdb68769f93a1303a,demo-pyspark-job,2020-10-03 15:57:13.958000-04:00,2020-10-03 15:58:31.176000-04:00,2020-10-03 15:58:31.176000-04:00,STOPPED,2,70,2880,2.0,G.1X,2,2.0,
jr_cd508a54ef884e5707800c49a11bd07e4b39c0198225f46dd225d1626aecdf44,demo-pyspark-job,2020-10-03 15:57:13.625000-04:00,2020-10-03 15:58:31.604000-04:00,2020-10-03 15:58:31.604000-04:00,STOPPED,2,70,2880,2.0,G.1X,2,2.0,
jr_83457c6951eb99f1624521cf303e2c49b33fbb191059696f217d7570e99db1f6,demo-pyspark-job,2020-10-03 15:57:13.590000-04:00,2020-10-03 15:58:31.634000-04:00,2020-10-03 15:58:31.634000-04:00,STOPPED,2,70,2880,2.0,G.1X,2,2.0,
jr_62e7dd6c7c4a8a86d7987df887863dee49b6379b1f3c5974390b7d3d8cee3701,demo-pyspark-job,2020-10-03 15:57:13.587000-04:00,2020-10-03 15:58:32.757000-04:00,2020-10-03 15:58:32.757000-04:00,STOPPED,2,71,2880,2.0,G.1X,2,2.0,
jr_40e937dc4a18c3ac1ac5a5b2610b0aba97f91b018551ac2c0a6da313851f2cfa,demo-pyspark-job,2020-10-03 15:57:13.581000-04:00,2020-10-03 15:58:30.997000-04:00,2020-10-03 15:58:30.997000-04:00,STOPPED,2,70,2880,2.0,G.1X,2,2.0,
jr_1acf888f4460fad1eae865b20f27e2fe0007cb908606b01219737bcefa548100,demo-pyspark-job,2020-10-03 15:57:13.575000-04:00,2020-10-03 15:58:31.950000-04:00,2020-10-03 15:58:31.950000-04:00,STOPPED,2,70,2880,2.0,G.1X,2,2.0,
jr_d0baa7821af29a634fc7b9226ecbde1c18561c29461442e3d0a7a129732df58b,demo-pyspark-job,2020-10-03 15:57:13.077000-04:00,2020-10-03 15:58:31.773000-04:00,2020-10-03 15:58:31.773000-04:00,STOPPED,2,70,2880,2.0,G.1X,2,2.0,
jr_e6d8ee9fe434e3851bee0d11f6070aa855c22e4ffadd7966f3f2e71ddb900f86,demo-pyspark-job,2020-10-03 15:57:13.025000-04:00,2020-10-03 15:58:31.898000-04:00,2020-10-03 15:58:31.898000-04:00,STOPPED,2,70,2880,2.0,G.1X,2,2.0,
jr_00c2ffc3928a335048824f46f460045268cb9ce269da7872b0aeb616cb947552,demo-pyspark-job,2020-10-03 15:57:13.007000-04:00,2020-10-03 15:58:31.248000-04:00,2020-10-03 15:58:31.248000-04:00,STOPPED,2,70,2880,2.0,G.1X,2,2.0,
jr_b271bc4d178e8e95d811d627f4bf8135e0160adf71298dc5e531efa895c79e76,demo-pyspark-job,2020-10-03 15:57:12.988000-04:00,2020-10-03 15:58:30.698000-04:00,2020-10-03 15:58:30.698000-04:00,STOPPED,2,70,2880,2.0,G.1X,2,2.0,
jr_5b4be76168ac7f0a0b1a5757a404e9a4e94c8f0ac058490607c260b833d73408,demo-pyspark-job,2020-10-03 15:57:12.967000-04:00,2020-10-03 15:58:31.156000-04:00,2020-10-03 15:58:31.156000-04:00,STOPPED,2,70,2880,2.0,G.1X,2,2.0,
jr_ef12ecfac80a5790c53bf47da41b671d2e3d3f8c7a87168036c9bfde77494cad,demo-pyspark-job,2020-10-03 15:37:46.930000-04:00,2020-10-03 15:38:24.642000-04:00,2020-10-03 15:38:24.642000-04:00,STOPPED,2,30,2880,2.0,G.1X,2,2.0,
jr_4842c46aa1a7fea9a5db783163e14c334bc46c1ef7a24a3fc1211b55a27a8653,demo-pyspark-job,2020-10-03 15:37:46.894000-04:00,2020-10-03 15:38:24.559000-04:00,2020-10-03 15:38:24.559000-04:00,STOPPED,2,30,2880,2.0,G.1X,2,2.0,
jr_06237930afd8c92e636b16ef36f87489eed6a3035f0681f3b468a103f1ca2698,demo-pyspark-job,2020-10-03 15:33:38.895000-04:00,2020-10-03 15:34:16.647000-04:00,2020-10-03 15:34:16.647000-04:00,STOPPED,2,30,2880,2.0,G.1X,2,2.0,
jr_00864b70a679e4cdc8edd10d38cb7434eb29f4156d1f671f2a3b2465773f1e14,demo-pyspark-job,2020-10-03 15:33:38.863000-04:00,2020-10-03 15:34:17.393000-04:00,2020-10-03 15:34:17.393000-04:00,STOPPED,2,30,2880,2.0,G.1X,2,2.0,
jr_8a331c219093eb64c3cbab8f48a05910df3d94f8605e3554bbc6d49a862c2f0e,demo-pyspark-job,2020-10-03 15:30:08.544000-04:00,2020-10-03 15:30:47.584000-04:00,2020-10-03 15:30:47.584000-04:00,STOPPED,2,30,2880,2.0,G.1X,2,2.0,
jr_bfc7fea5b4d6b6e3b4ad17f55094779a69e0940b5d7eb12cca9f3ae69fdc131f,demo-pyspark-job,2020-10-03 15:30:08.481000-04:00,2020-10-03 15:30:46.362000-04:00,2020-10-03 15:30:46.362000-04:00,STOPPED,2,30,2880,2.0,G.1X,2,2.0,
jr_7a1b0264b1fcebd65f3ec9fa9cd68926473c5dbf5b5b48f77ce6d644bc1e5a43,demo-pyspark-job,2020-10-03 14:58:59.515000-04:00,2020-10-03 14:59:27.203000-04:00,2020-10-03 14:59:27.203000-04:00,STOPPED,2,22,2880,2.0,G.1X,2,2.0,
jr_0213142c77cca900334e1748a53c816623c514eba033c5768bc3041aac57a499,demo-pyspark-job,2020-10-03 14:58:59.411000-04:00,2020-10-03 14:59:34.538000-04:00,2020-10-03 14:59:34.538000-04:00,STOPPED,2,31,2880,2.0,G.1X,2,2.0,
jr_116a55e75e043b4b3290a88749d547cf7494f8b7f2820f31104a8188395574da,demo-pyspark-job,2020-10-03 14:57:05.484000-04:00,2020-10-03 14:58:21.650000-04:00,2020-10-03 14:58:21.650000-04:00,STOPPED,2,70,2880,2.0,G.1X,2,2.0,
jr_fb018d2d88b5f9167338decbe09bf14c87ad06c3240b96667517e4a46f29538d,demo-pyspark-job,2020-10-03 14:57:04.069000-04:00,2020-10-03 14:58:23.308000-04:00,2020-10-03 14:58:23.308000-04:00,STOPPED,2,70,2880,2.0,G.1X,2,2.0,
jr_c0316682c337fb0bd9fb776c450978cd7678ca1b5ae6213fa1118930fb68858a,demo-pyspark-job,2020-10-03 14:46:24.874000-04:00,2020-10-03 14:47:03.637000-04:00,2020-10-03 14:47:03.637000-04:00,STOPPED,2,30,2880,2.0,G.1X,2,2.0,
jr_e0d8fbccc85a0b8d88a826f4c4acbe42333e15275f10ae3035f7fc1544ac4d87,demo-pyspark-job,2020-10-03 14:46:24.869000-04:00,2020-10-03 14:47:02.610000-04:00,2020-10-03 14:47:02.610000-04:00,STOPPED,2,30,2880,2.0,G.1X,2,2.0,
jr_1eaa151cf3c722d4e426e53c1a9a85667bccf35259a212ee4e3fe258878426d1,demo-pyspark-job,2020-10-03 14:44:52.481000-04:00,2020-10-03 14:45:30.372000-04:00,2020-10-03 14:45:30.372000-04:00,STOPPED,2,30,2880,2.0,G.1X,2,2.0,
jr_781702198c2661094cca9235ea9074bd187de32795f865f03f67e111683f2d47,demo-pyspark-job,2020-10-03 14:44:52.469000-04:00,2020-10-03 14:45:30.307000-04:00,2020-10-03 14:45:30.307000-04:00,STOPPED,2,30,2880,2.0,G.1X,2,2.0,
jr_024888a28ccb60e4c52f7b46917a7da264286762e0e14bd1f161efd2ffefeaab,demo-pyspark-job,2020-10-03 14:42:36.781000-04:00,2020-10-03 14:43:16.258000-04:00,2020-10-03 14:43:16.258000-04:00,STOPPED,2,31,2880,2.0,G.1X,2,2.0,
jr_66562d93e6e24801dbad7882bf598f5d425b690c3cd7253ea96ad1b0dd17a168,demo-pyspark-job,2020-10-03 14:42:36.751000-04:00,2020-10-03 14:43:14.383000-04:00,2020-10-03 14:43:14.383000-04:00,STOPPED,2,30,2880,2.0,G.1X,2,2.0,
jr_8a08ec4892e6c272ca018103af2eb627fe96726760c4ecd9f6697ab5e0e0ce63,demo-pyspark-job,2020-10-03 14:40:58.196000-04:00,2020-10-03 14:41:35.848000-04:00,2020-10-03 14:41:35.848000-04:00,STOPPED,2,30,2880,2.0,G.1X,2,2.0,
jr_ef54e724411d9137dc0a3d6d6286f5dceb428656f6515527b6668f717bcef252,demo-pyspark-job,2020-10-03 14:40:58.166000-04:00,2020-10-03 14:41:35.849000-04:00,2020-10-03 14:41:35.849000-04:00,STOPPED,2,30,2880,2.0,G.1X,2,2.0,
jr_6467cc3740101a30beebd43d83aac9c62201e5e60c933c3a7429ed7eb8c3f9c5,demo-pyspark-job,2020-10-03 14:39:13.269000-04:00,2020-10-03 14:39:50.993000-04:00,2020-10-03 14:39:50.993000-04:00,STOPPED,2,30,2880,2.0,G.1X,2,2.0,
jr_6dfbd0a7bafddcf57ad0f4795292f4686d7868491377811359f960e67242e8bb,demo-pyspark-job,2020-10-03 14:39:13.170000-04:00,2020-10-03 14:39:51.981000-04:00,2020-10-03 14:39:51.981000-04:00,STOPPED,2,30,2880,2.0,G.1X,2,2.0,
jr_9958de4310d9db54da6cd3d9e89e120b07683c0a66f89897a8ff1962bde751f6,demo-pyspark-job,2020-10-03 14:04:55.708000-04:00,2020-10-03 14:06:14.396000-04:00,2020-10-03 14:06:14.396000-04:00,STOPPED,2,71,2880,2.0,G.1X,2,2.0,
jr_87f10c8017111af903e1c602a31561cfd12badc157b14ed67837086a7e5046ec,demo-pyspark-job,2020-10-03 14:04:55.689000-04:00,2020-10-03 14:06:15.518000-04:00,2020-10-03 14:06:15.518000-04:00,STOPPED,2,71,2880,2.0,G.1X,2,2.0,
jr_bbffefcfef68b12c4577e9f8b56a83c5a50bc44477471262e98490bb1a428ad8,demo-pyspark-job,2020-10-03 10:29:13.275000-04:00,2020-10-03 10:30:02.790000-04:00,2020-10-03 10:30:02.790000-04:00,STOPPED,2,42,2880,2.0,G.1X,2,2.0,
jr_6ba231e806e435e75baa50ce2f181212c182d701e4f92172b0bc190029288312,demo-pyspark-job,2020-10-03 10:29:13.156000-04:00,2020-10-03 10:30:04.311000-04:00,2020-10-03 10:30:04.312000-04:00,STOPPED,2,43,2880,2.0,G.1X,2,2.0,
jr_b8d6fc07ee177bfd30bf1edc2958ffd39dd9966b134ab9a2f3917472d731b5a5,demo-pyspark-job,2020-09-28 21:06:08.527000-04:00,2020-09-28 21:07:00.315000-04:00,2020-09-28 21:07:00.315000-04:00,STOPPED,2,44,2880,2.0,G.1X,2,2.0,
jr_025258721e7f2fc8292db43f30f1ee328499cb627f4d8a3664f0b5e0d2e15195,demo-pyspark-job,2020-09-28 21:06:08.450000-04:00,2020-09-28 21:07:00.556000-04:00,2020-09-28 21:07:00.556000-04:00,STOPPED,2,44,2880,2.0,G.1X,2,2.0,
jr_356ee7f0a6cc5391a5f1c2f2609019b3203b43959929765c4346f10ae5ba8418,demo-pyspark-job,2020-09-28 20:20:37.776000-04:00,2020-09-28 20:21:56.286000-04:00,2020-09-28 20:21:56.286000-04:00,STOPPED,2,70,2880,2.0,G.1X,2,2.0,
jr_9037c50d57cb67844c44228032e6c4face3a70fefd9f717b0f5fa43e5f98273c,demo-pyspark-job,2020-09-28 20:20:37.700000-04:00,2020-09-28 20:21:56.335000-04:00,2020-09-28 20:21:56.335000-04:00,STOPPED,2,71,2880,2.0,G.1X,2,2.0,
jr_09b820c33911df469659c264177862c355af8bd954196dcbc3ea54a9565c12d4,demo-pyspark-job,2020-09-28 17:12:28.216000-04:00,2020-09-28 17:13:06.958000-04:00,2020-09-28 17:13:06.958000-04:00,STOPPED,2,30,2880,2.0,G.1X,2,2.0,
jr_eaffffcfb6c7a413d2127fe8e88710d456003ab73b36094507368c2e6f4ef219,demo-pyspark-job,2020-09-28 17:12:28.124000-04:00,2020-09-28 17:13:06.987000-04:00,2020-09-28 17:13:06.987000-04:00,STOPPED,2,31,2880,2.0,G.1X,2,2.0,
